diagnosis_code,frequency
V20.2,476228
382.900000,272497
389.900000,256345
381.810000,213910
465.900000,175831
