diagnosis_code,frequency
389.180000,13
V20.2,12
493.900000,9
315.390000,9
389.900000,9
